name,id,image_path
Sammy,02,uploads\02_Sammy.jpg
Sachin,03,uploads\03_Sachin.jpg
Sandun,04,uploads\04_Sandun.jpg
Kaweesha,05,uploads\05_Kaweesha.jpg
Ashen,06,uploads\06_Ashen.jpg
Udana ,07,uploads\07_Udana_.jpg
Kaweesha duplicate,123,uploads\123_Kaweesha_duplicate.jpg
Sammy 2,022,uploads\022_Sammy_2.jpg
Maheepa,789,uploads\789_Maheepa.jpg
Chandupa Avishka,852,uploads\852_Chandupa_Avishka.jpg
Chenuka,457,uploads\457_Chenuka.jpg
